"b'RT @hopbin: Cambridge #Analytica harvested 2.7 million known #Facebook users\xe2\x80\x99 data in the #EU, though they deny any interference in trying\xe2\x80\xa6'"
"b'RT @Orlando7770: Amid #Facebook &amp; #Analytica scandal,\nTwitter has new automation rules:\n1 Short-term pain - you can no longer automate \na n\xe2\x80\xa6'"
"b'RT @Orlando7770: Amid #Facebook &amp; #Analytica scandal,\nTwitter has new automation rules:\n1 Short-term pain - you can no longer automate \na n\xe2\x80\xa6'"
"b'RT @Orlando7770: Amid #Facebook &amp; #Analytica scandal,\nTwitter has new automation rules:\n1 Short-term pain - you can no longer automate \na n\xe2\x80\xa6'"
"b'RT @hopbin: Cambridge #Analytica harvested 2.7 million known #Facebook users\xe2\x80\x99 data in the #EU, though they deny any interference in trying\xe2\x80\xa6'"
"b'RT @hopbin: Cambridge #Analytica harvested 2.7 million known #Facebook users\xe2\x80\x99 data in the #EU, though they deny any interference in trying\xe2\x80\xa6'"
"b'Happy Friday, Regardless of Cambridge Analytica I still ""like"" Facebook. Facebook is awesome! #josephwcarrillo\xe2\x80\xa6 https://t.co/In8ogk4b4Y'"
"b'Cambridge #Analytica harvested 2.7 million known #Facebook users\xe2\x80\x99 data in the #EU, though they deny any interferenc\xe2\x80\xa6 https://t.co/0LMKv2tprp'"
"b'RT @Orlando7770: Amid #Facebook &amp; #Analytica scandal,\nTwitter has new automation rules:\n1 Short-term pain - you can no longer automate \na n\xe2\x80\xa6'"
"b'RT @Orlando7770: Amid #Facebook &amp; #Analytica scandal,\nTwitter has new automation rules:\n1 Short-term pain - you can no longer automate \na n\xe2\x80\xa6'"
"b'RT @Orlando7770: Amid #Facebook &amp; #Analytica scandal,\nTwitter has new automation rules:\n1 Short-term pain - you can no longer automate \na n\xe2\x80\xa6'"
"b'RT @PROScientific: All the essentials. We are on our way to @analyticaFair!  Make sure to stop by and visit us Hall B1, Stand 520 for all y\xe2\x80\xa6'"
b'@KamalaHarris @1960Doe True but they can hack big companies like Facebook #MarkZuckerberg #FacebookDataBreach w the\xe2\x80\xa6 https://t.co/qHKxNPxJfg'
"b'RT @Orlando7770: Amid #Facebook &amp; #Analytica scandal,\nTwitter has new automation rules:\n1 Short-term pain - you can no longer automate \na n\xe2\x80\xa6'"
"b'RT @Orlando7770: Amid #Facebook &amp; #Analytica scandal,\nTwitter has new automation rules:\n1 Short-term pain - you can no longer automate \na n\xe2\x80\xa6'"
"b'RT @Orlando7770: Amid #Facebook &amp; #Analytica scandal,\nTwitter has new automation rules:\n1 Short-term pain - you can no longer automate \na n\xe2\x80\xa6'"
"b'RT @Orlando7770: Amid #Facebook &amp; #Analytica scandal,\nTwitter has new automation rules:\n1 Short-term pain - you can no longer automate \na n\xe2\x80\xa6'"
"b'@Facebook\xe2\x80\x8b said that data on as many as 87 million people, most of them in the U.S., may have been improperly share\xe2\x80\xa6 https://t.co/alw84WCNPN'"
"b'RT @Orlando7770: Amid #Facebook &amp; #Analytica scandal,\nTwitter has new automation rules:\n1 Short-term pain - you can no longer automate \na n\xe2\x80\xa6'"
"b'RT @Orlando7770: Amid #Facebook &amp; #Analytica scandal,\nTwitter has new automation rules:\n1 Short-term pain - you can no longer automate \na n\xe2\x80\xa6'"
b'RT @HedgeBz: HEDGE-&gt;accordingly Rewind \xe2\x8f\xaa Cambridge #Analytica Played Roles in Multiple African Elections https://t.co/uXDSXKV5pF #africa'
"b'RT @Orlando7770: Amid #Facebook &amp; #Analytica scandal,\nTwitter has new automation rules:\n1 Short-term pain - you can no longer automate \na n\xe2\x80\xa6'"
"b'RT @Orlando7770: Amid #Facebook &amp; #Analytica scandal,\nTwitter has new automation rules:\n1 Short-term pain - you can no longer automate \na n\xe2\x80\xa6'"
"b'RT @Orlando7770: Amid #Facebook &amp; #Analytica scandal,\nTwitter has new automation rules:\n1 Short-term pain - you can no longer automate \na n\xe2\x80\xa6'"
"b'RT @Orlando7770: Amid #Facebook &amp; #Analytica scandal,\nTwitter has new automation rules:\n1 Short-term pain - you can no longer automate \na n\xe2\x80\xa6'"
"b'RT @NetNatives: In a post #Analytica world, is this the end of #Facebook Messenger #Chatbots? SPOILER: yes (certainly from Natives anyway).\xe2\x80\xa6'"
"b""The #BharatBandh was a test dose, probably enacted advised by #analytica- that should 've boosted her confidece. No\xe2\x80\xa6 https://t.co/Y1em4lzaEs"""
"b'The plan obviously is a conspiracy it may be having all sorts of bizzar forces of arms dealers, jihadis, espionage\xe2\x80\xa6 https://t.co/3cbIC2M4YN'"
"b'RT @Orlando7770: Amid #Facebook &amp; #Analytica scandal,\nTwitter has new automation rules:\n1 Short-term pain - you can no longer automate \na n\xe2\x80\xa6'"
"b'RT @Orlando7770: Amid #Facebook &amp; #Analytica scandal,\nTwitter has new automation rules:\n1 Short-term pain - you can no longer automate \na n\xe2\x80\xa6'"
"b""Facebook's mea culpa tour, Cambridge #Analytica and #GDPR: The data game is changing before our eyes https://t.co/O04S0U2kz4"""
"b'RT @Orlando7770: Amid #Facebook &amp; #Analytica scandal,\nTwitter has new automation rules:\n1 Short-term pain - you can no longer automate \na n\xe2\x80\xa6'"
"b'RT @Orlando7770: Amid #Facebook &amp; #Analytica scandal,\nTwitter has new automation rules:\n1 Short-term pain - you can no longer automate \na n\xe2\x80\xa6'"
"b'RT @Orlando7770: Amid #Facebook &amp; #Analytica scandal,\nTwitter has new automation rules:\n1 Short-term pain - you can no longer automate \na n\xe2\x80\xa6'"
"b'Mr. Zuckerberg, Facebook\xe2\x80\x99s chief executive, will appear before multiple congressional committees next week. It is p\xe2\x80\xa6 https://t.co/invh2IJoUh'"
"b""Less than a week to go until #analytica opens it doors! If you'd like to meet us &amp; have a chat about how we can wor\xe2\x80\xa6 https://t.co/QMqpwXXDEp"""
"b'All the essentials. We are on our way to @analyticaFair!  Make sure to stop by and visit us Hall B1, Stand 520 for\xe2\x80\xa6 https://t.co/cwYMmFmcqB'"
"b'RT @Orlando7770: Amid #Facebook &amp; #Analytica scandal,\nTwitter has new automation rules:\n1 Short-term pain - you can no longer automate \na n\xe2\x80\xa6'"
"b'RT @Orlando7770: Amid #Facebook &amp; #Analytica scandal,\nTwitter has new automation rules:\n1 Short-term pain - you can no longer automate \na n\xe2\x80\xa6'"
b'RT @SartoriusGlobal: Do you want to meet us at #analytica2018 in Munich (April 10-13)? Great! We have a free ticket for you! #analytica htt\xe2\x80\xa6'
"b'RT @NetNatives: In a post #Analytica world, is this the end of #Facebook Messenger #Chatbots? SPOILER: yes (certainly from Natives anyway).\xe2\x80\xa6'"
"b'In a post #Analytica world, is this the end of #Facebook Messenger #Chatbots? SPOILER: yes (certainly from Natives\xe2\x80\xa6 https://t.co/OP5pkmskaC'"
"b'RT @Orlando7770: Amid #Facebook &amp; #Analytica scandal,\nTwitter has new automation rules:\n1 Short-term pain - you can no longer automate \na n\xe2\x80\xa6'"
b'We are looking forward to meeting old friends and new at #Analytica next week. Lots of new things to show in Hall A\xe2\x80\xa6 https://t.co/pqu0aqgHSP'
b'Total 87 million users affected by Cambridge Analytica Scandal - Facebook #analytica #cambridgeanalytica\xe2\x80\xa6 https://t.co/KcyURmE0tm'
b'The time has come to #remove #Facebook from your life; #delete your #Facebook #account and dump the stock; Mark\xe2\x80\xa6 https://t.co/yMag2puD89'
"b'Our Global Business Development Manager, Jenny is attending @analyticaFair next week. Contact us to arrange a meeti\xe2\x80\xa6 https://t.co/mDreF43qft'"
"b'RT @Orlando7770: Amid #Facebook &amp; #Analytica scandal,\nTwitter has new automation rules:\n1 Short-term pain - you can no longer automate \na n\xe2\x80\xa6'"
"b'We\xe2\x80\x99ll participate #Analytica at Messe M\xc3\xbcnchen next week. Katja-Riikka Louhi, product manager in Life Science and Ja\xe2\x80\xa6 https://t.co/81owaTxYcQ'"
"b'RT @Orlando7770: Amid #Facebook &amp; #Analytica scandal,\nTwitter has new automation rules:\n1 Short-term pain - you can no longer automate \na n\xe2\x80\xa6'"
b'The tiny LPG10 #sensor provides high performance in measuring liquid flow in a planar microfluidic glass substrate\xe2\x80\xa6 https://t.co/GfiIkpe0ns'
"b'We will be at @analyticaFair next week from 10 - 13th April in Munich. Find us at Stand No. 238A, in Hall A2. We lo\xe2\x80\xa6 https://t.co/FgzNG6f4SI'"
"b'RT @Orlando7770: Amid #Facebook &amp; #Analytica scandal,\nTwitter has new automation rules:\n1 Short-term pain - you can no longer automate \na n\xe2\x80\xa6'"
"b'RT @Orlando7770: Amid #Facebook &amp; #Analytica scandal,\nTwitter has new automation rules:\n1 Short-term pain - you can no longer automate \na n\xe2\x80\xa6'"
"b'RT @Orlando7770: Amid #Facebook &amp; #Analytica scandal,\nTwitter has new automation rules:\n1 Short-term pain - you can no longer automate \na n\xe2\x80\xa6'"
"b'RT @VitlProducts: The brand NEW Lu-mini combines practical and affordable functionality! Visit Hall 3, Stand 114 at #analytica to try it ou\xe2\x80\xa6'"
"b'RT @Orlando7770: Amid #Facebook &amp; #Analytica scandal,\nTwitter has new automation rules:\n1 Short-term pain - you can no longer automate \na n\xe2\x80\xa6'"
b'#cambridge #Caine #bridge #analytica Zulu or Where Eagles Dare? You decide (no outside\xe2\x80\xa6 https://t.co/Lst5sUBWme'
"b'RT @Orlando7770: Amid #Facebook &amp; #Analytica scandal,\nTwitter has new automation rules:\n1 Short-term pain - you can no longer automate \na n\xe2\x80\xa6'"
"b'RT @oceanoptics: We have some exciting, new demos for the upcoming #Analytica show. Stop by our booth and find out how our products can hel\xe2\x80\xa6'"
"b'RT @oceanoptics: We have some exciting, new demos for the upcoming #Analytica show. Stop by our booth and find out how our products can hel\xe2\x80\xa6'"
"b'RT @Orlando7770: Amid #Facebook &amp; #Analytica scandal,\nTwitter has new automation rules:\n1 Short-term pain - you can no longer automate \na n\xe2\x80\xa6'"
"b'RT @Orlando7770: Amid #Facebook &amp; #Analytica scandal,\nTwitter has new automation rules:\n1 Short-term pain - you can no longer automate \na n\xe2\x80\xa6'"
"b'RT @Orlando7770: Amid #Facebook &amp; #Analytica scandal,\nTwitter has new automation rules:\n1 Short-term pain - you can no longer automate \na n\xe2\x80\xa6'"
"b'RT @Orlando7770: Amid #Facebook &amp; #Analytica scandal,\nTwitter has new automation rules:\n1 Short-term pain - you can no longer automate \na n\xe2\x80\xa6'"
"b'RT @Orlando7770: Amid #Facebook &amp; #Analytica scandal,\nTwitter has new automation rules:\n1 Short-term pain - you can no longer automate \na n\xe2\x80\xa6'"
"b'RT @Orlando7770: Amid #Facebook &amp; #Analytica scandal,\nTwitter has new automation rules:\n1 Short-term pain - you can no longer automate \na n\xe2\x80\xa6'"
"b'RT @Orlando7770: Amid #Facebook &amp; #Analytica scandal,\nTwitter has new automation rules:\n1 Short-term pain - you can no longer automate \na n\xe2\x80\xa6'"
"b'RT @Orlando7770: Amid #Facebook &amp; #Analytica scandal,\nTwitter has new automation rules:\n1 Short-term pain - you can no longer automate \na n\xe2\x80\xa6'"
"b'RT @Orlando7770: Amid #Facebook &amp; #Analytica scandal,\nTwitter has new automation rules:\n1 Short-term pain - you can no longer automate \na n\xe2\x80\xa6'"
"b'RT @Orlando7770: Amid #Facebook &amp; #Analytica scandal,\nTwitter has new automation rules:\n1 Short-term pain - you can no longer automate \na n\xe2\x80\xa6'"
"b'RT @Orlando7770: Amid #Facebook &amp; #Analytica scandal,\nTwitter has new automation rules:\n1 Short-term pain - you can no longer automate \na n\xe2\x80\xa6'"
"b'RT @Orlando7770: Amid #Facebook &amp; #Analytica scandal,\nTwitter has new automation rules:\n1 Short-term pain - you can no longer automate \na n\xe2\x80\xa6'"
"b'RT @Orlando7770: Amid #Facebook &amp; #Analytica scandal,\nTwitter has new automation rules:\n1 Short-term pain - you can no longer automate \na n\xe2\x80\xa6'"
"b'RT @Orlando7770: Amid #Facebook &amp; #Analytica scandal,\nTwitter has new automation rules:\n1 Short-term pain - you can no longer automate \na n\xe2\x80\xa6'"
"b'RT @Orlando7770: Amid #Facebook &amp; #Analytica scandal,\nTwitter has new automation rules:\n1 Short-term pain - you can no longer automate \na n\xe2\x80\xa6'"
"b'RT @Orlando7770: Amid #Facebook &amp; #Analytica scandal,\nTwitter has new automation rules:\n1 Short-term pain - you can no longer automate \na n\xe2\x80\xa6'"
"b'RT @Orlando7770: Amid #Facebook &amp; #Analytica scandal,\nTwitter has new automation rules:\n1 Short-term pain - you can no longer automate \na n\xe2\x80\xa6'"
b'#Analytica prescribed campaign of @RahulGandhi -\nHate #Modi because he is:\n#Chaiwala\n#Gujarati\n#Hindu\n#PM\n# surname\xe2\x80\xa6 https://t.co/fLvwOD3GLb'
b'RT @MiniFAB_: MiniFAB will see you all at #Analytica #MedicalDevices #lifesciences #diagnostics https://t.co/l8Ei6sr07f'
b'MiniFAB will see you all at #Analytica #MedicalDevices #lifesciences #diagnostics https://t.co/l8Ei6sr07f'
b'#Facebook says #Cambridge #Analytica may have had #data on 87 million people https://t.co/J9lpB95CqA https://t.co/Y5jB1NCNZ9'
b'RT @Talalaban: Song #13: DEAR FACEBOOK\n\nYou know that abusive friend who you just can\xe2\x80\x99t live without?\n\n#facebook #analytica #sad #songaday\xe2\x80\xa6'
"b'RT @oceanoptics: We have some exciting, new demos for the upcoming #Analytica show. Stop by our booth and find out how our products can hel\xe2\x80\xa6'"
b'RT @behighland: Daily Tech News - Facebook says Cambridge Analytica had data on 87 million people https://t.co/jgNvsqSBTv via @YouTube #Fac\xe2\x80\xa6'
b'Daily Tech News - Facebook says Cambridge Analytica had data on 87 million people https://t.co/jgNvsqSBTv via\xe2\x80\xa6 https://t.co/QFIIO6tpcz'
b'#tech #summary:  #face #book says  #cambridge  #analytica  #data  #collection affected nearly  #twice as many  #u https://t.co/qpAB6BpRNK'
"b'#Facebook VS #Cambridge #Analytica update: 87M users affected, not 50M.\nhttps://t.co/ABOW5iKNuY'"
"b'We have some exciting, new demos for the upcoming #Analytica show. Stop by our booth and find out how our products\xe2\x80\xa6 https://t.co/KZtXSHDxum'"
"b'Amid #Facebook &amp; #Analytica scandal,\nTwitter has new automation rules:\n1 Short-term pain - you can no longer automa\xe2\x80\xa6 https://t.co/qStdjSIMXM'"
b'#Facebook admits it improperly shared personal info of 87 million users with #Cambridge #Analytica ---\nFacebook Inc\xe2\x80\xa6 https://t.co/aDYevFz4wN'
b'I always look forward to\xc2\xa0#analytica\xc2\xa0each year. A very well organized tradefair and a great place for \xc2\xa0the showcase\xe2\x80\xa6 https://t.co/EWKeGsQmQK'
b'RT @dje2002: Morning fun with meme\n\n#Facebook  #Cambridge  #Analytica https://t.co/V3BAKwOoWx'
b'RT @sliver_tulip: #Myanmar is being linked to every controversy on Earth. #YangheeLeeSKKU has no credibility. West must understand #NLD did\xe2\x80\xa6'
"b'RT @VitlProducts: The brand NEW Lu-mini combines practical and affordable functionality! Visit Hall 3, Stand 114 at #analytica to try it ou\xe2\x80\xa6'"
"b'The brand NEW Lu-mini combines practical and affordable functionality! Visit Hall 3, Stand 114 at #analytica to try\xe2\x80\xa6 https://t.co/7ZtNJVPovh'"
"b'@SPECTRO_AI to Showcase Next-Generation ICP/XRF #Analyzer Technologies at #Analytica 2018, in Hall A2 Booth 201\xe2\x80\xa6 https://t.co/PyFkaCsQ3z'"
"b'@mmdnowofficial After Cambridge #Analytica, Now #Facebook Updates It\xe2\x80\x99s News Terms of #Service &amp; #Data Policy\nhttps://t.co/qMeBO0mul0'"
b'#Precellys user? Talk in front of our camera about your experience with your Precellys at our booth 232A during\xe2\x80\xa6 https://t.co/vkFf3idzpf'
"b'[BREACH] #Facebook : #Cambridge #Analytica #Accessed #Data on 87 #Million #users , Not 50 #Million .\nTo read more v\xe2\x80\xa6 https://t.co/kTFsrHCPpA'"
b'Heart of #IoT machine\n#AI #Algorithm\n#BigData #Regex \n#prism (BOND)\n#spectre #Analytica\n\nRoot_Danger(GLOBAL)\n=&gt;US:\xe2\x80\xa6 https://t.co/lwLlxrY9vU'
b'@RoverRadio A quick 411 on the #Facebook - Analytica issue. It has been reported that Facebook will be issuing noti\xe2\x80\xa6 https://t.co/08SLiadY9s'
b'RT @SartoriusGlobal: Do you want to meet us at #analytica2018 in Munich (April 10-13)? Great! We have a free ticket for you! #analytica htt\xe2\x80\xa6'
b'\xe2\x80\x9cIn a few days you\xe2\x80\x99ll be able to see what info has been shared\xe2\x80\x9d #cambridge #analytica  https://t.co/qrrTUqjiLx'
"b""RT @JamesDaltondvp: The #fakenews are pushing this one...\n\n'hit by'. \n\nFacebook are the masters of data farming! \n\nYou could not make this\xe2\x80\xa6"""
b'RT @bluebottlebiz: #IT #privacy has been in the headlines after companies like Cambridge #Analytica seemingly able to use our online self t\xe2\x80\xa6'
b'RT @bluebottlebiz: #IT #privacy has been in the headlines after companies like Cambridge #Analytica seemingly able to use our online self t\xe2\x80\xa6'
"b'Xylem Analytics will be at #Analytica International Trade Fair for laboratory technology, analysis, biotechnology a\xe2\x80\xa6 https://t.co/h1x4hJ4SiU'"
b'#IT #privacy has been in the headlines after companies like Cambridge #Analytica seemingly able to use our online s\xe2\x80\xa6 https://t.co/ZdPuP048gU'
b'Data which the British firm failed dismally to process in any way helpful to the #GOP in the last presidential\xe2\x80\xa6 https://t.co/Z2bp81oQUY'
"b""#Facebook says #Cambridge #Analytica may have gained 37m more users' data - #francoalessio #studioalessio\xe2\x80\xa6 https://t.co/w0pH5pvvYR"""
b'RT @sliver_tulip: #Myanmar is being linked to every controversy on Earth. #YangheeLeeSKKU has no credibility. West must understand #NLD did\xe2\x80\xa6'
"b'RT @EUSciComm: Come at the #Analyticaconference for our session ""Talking Science - today\'s knowledge for tomorrow\'s applications"".  The foc\xe2\x80\xa6'"
"b'Come at the #Analyticaconference for our session ""Talking Science - today\'s knowledge for tomorrow\'s applications"".\xe2\x80\xa6 https://t.co/AX55b2vHsg'"
b'RT @sliver_tulip: #Myanmar is being linked to every controversy on Earth. #YangheeLeeSKKU has no credibility. West must understand #NLD did\xe2\x80\xa6'
b'RT @sliver_tulip: #Myanmar is being linked to every controversy on Earth. #YangheeLeeSKKU has no credibility. West must understand #NLD did\xe2\x80\xa6'
b'#Myanmar is being linked to every controversy on Earth. #YangheeLeeSKKU has no credibility. West must understand\xe2\x80\xa6 https://t.co/2ezrGXDRmx'
b'#Facebook Says #Cambridge #Analytica Harvested Data of Up to 87 Million #Users https://t.co/7Z1PBHcKjz'
b'\xf0\x9f\x9a\xa8#Facebook says #Cambridge #Analytica gained 37million more persons #data\xe2\x9d\x97\xef\xb8\x8fFacebook data of 87+ million people - 37\xe2\x80\xa6 https://t.co/a0x2lnVzsm'
"b'#Maldives is independent, thinks positively and forcefully about its Citizens and Sovereignty. @AmitShah @PMOIndia\xe2\x80\xa6 https://t.co/RQgfmX0wKn'"
b'#Cambridge #Analytica denies accessing data on 87M #Facebook users\xe2\x80\xa6claims 30M https://t.co/TDcUnyNysk #technology #feedly'
"b""RT @JamesDaltondvp: The #fakenews are pushing this one...\n\n'hit by'. \n\nFacebook are the masters of data farming! \n\nYou could not make this\xe2\x80\xa6"""
"b""The #fakenews are pushing this one...\n\n'hit by'. \n\nFacebook are the masters of data farming! \n\nYou could not make t\xe2\x80\xa6 https://t.co/MccsIbMRdf"""
b'#How #the #Facebook-Cambridge #Analytica #data #scandal #unfolded #News #DailyNews: The social media giant now beli\xe2\x80\xa6 https://t.co/HQny1ppiAg'
"b""BREAKING.....The Facebook breach by Analytica wasn't 50 million, it was 87 million. #analytica"""
"b'If we check the ""allow"" button on that little privacy pop-up, can we really complain when that info is used for dat\xe2\x80\xa6 https://t.co/IcehBf0XcU'"
"b'Cambridge #Analytica, the digital #blimp that scammed the #GOP with fake voter data, may have your #Facebook info?\xe2\x80\xa6 https://t.co/OEZqTUxKE9'"
b'Driving Your CX at the Intersection of LX and AI #al #analytica #artificialintelligence #consumer #Data #experience\xe2\x80\xa6 https://t.co/lreTAe4jFG'
b'RT @Serge_MUYA: This all Facebook story looks like a couple of episodes of @HouseofCards ... Cambridge Analytica is Polyhop in this case...\xe2\x80\xa6'
b'@DanaPerino @dailybriefing \n\n1) Isnt all the #Analytica stuff just advertising? To say that #Analytica manipulated\xe2\x80\xa6 https://t.co/y4Jk1MUkjr'
b'How #Cambridge #Analytica \xe2\x80\x8btried to intimidate Nigerian voters https://t.co/QFoyz71o6T via @YouTube'
b'RT @SartoriusGlobal: Do you want to meet us at #analytica2018 in Munich (April 10-13)? Great! We have a free ticket for you! #analytica htt\xe2\x80\xa6'
"b'Cambridge #Analytica #data leak rises to 87m users, #Facebook admits. \n\nBut will this really change your #behaviour?'"
b'#Facebook Reveals How Many Users Could Be Wronged by Cambridge #Analytica Actions https://t.co/HWE8G8EYlx https://t.co/InZEBLl0hW'
"b'@CamAnalytica Ye are obviously very good at what ye do, theres no need to apologizeat all lads. #Analytica #WellDone'"
b'#Facebook says user data of 87 million was shared with Cambridge #Analytica https://t.co/ybH7YhSgWX https://t.co/GRiwvsjTjq'
"b'SCP SCIENCE will be at #Analytica @analyticaFair in #Munchen, #Germany, next week! https://t.co/2WJhnyFEn6'"
"b""@Facebook has said it now believes up to #87 million people's data was improperly shared with the political consult\xe2\x80\xa6 https://t.co/Snx4r7HkeD"""
b'RT @SartoriusGlobal: Do you want to meet us at #analytica2018 in Munich (April 10-13)? Great! We have a free ticket for you! #analytica htt\xe2\x80\xa6'
"b""BBC News: #Facebook #Cambridge #analytica scandal 'hit 87 million users' \n https://t.co/YCN9sr5O59"""
b'Driving Your CX at the Intersection of LX and AI #al #analytica #artificialintelligence #consumer #Data #experience\xe2\x80\xa6 https://t.co/b50DHu6jtg'
b'RT @kamlesm: so much foreign funding had been going on for last many yeras? #NGO? any #social up liftment came? any study? or it is also to\xe2\x80\xa6'
b'RT @SartoriusGlobal: Do you want to meet us at #analytica2018 in Munich (April 10-13)? Great! We have a free ticket for you! #analytica htt\xe2\x80\xa6'
b'RT @DataApex: #DataApex exhibits at #Analytica next week. Come to see #Clarity #Chromatography Software. We look forward meeting you in our\xe2\x80\xa6'
b'Will you be at #Analytica 2018 Conference next week? Make sure to find Phenomenex in Hall A1 at Stand 419! \n\nRegist\xe2\x80\xa6 https://t.co/GQ8CGO6MSS'
b'RT @varunwrites: #BreakingNews\nMark Zuckerberg to testify before #USA #Congress House panel on April 11\n\n#DataLeak #DataAnalytics #DataSecu\xe2\x80\xa6'
b'RT @SartoriusGlobal: Do you want to meet us at #analytica2018 in Munich (April 10-13)? Great! We have a free ticket for you! #analytica htt\xe2\x80\xa6'
b'#BreakingNews\nMark Zuckerberg to testify before #USA #Congress House panel on April 11\n\n#DataLeak #DataAnalytics\xe2\x80\xa6 https://t.co/dDYpuRDwrB'
b'Do you want to meet us at #analytica2018 in Munich (April 10-13)? Great! We have a free ticket for you! #analytica\xe2\x80\xa6 https://t.co/NpAjBaamNn'
b'Could #Blockchain #Technology Help Avoid Another #Cambridge #Analytica? https://t.co/rqYZCB3pFl via @cbinsights'
b'A little bit of my analysis- #Cambridge #Analytica Row: #Facebook Shuts Down Over 270 Pages And Accounts\xe2\x80\xa6 https://t.co/xXRhJXxRFw'
"b""Don't miss the presentation by Felix Unckell, PhD at #Analytica - April 10th at 11am (Hall A3.543) on \xe2\x80\x9c#InCellis Ap\xe2\x80\xa6 https://t.co/V9EmtAVcrQ"""
b'Bertin Instruments is proud to introduce the #QuantomLAB elemental analyzer based on #LIBS technology for the detec\xe2\x80\xa6 https://t.co/oTTa5Og5rz'
b'RT @SMaurizi: We had an exclusive interview with @wikileaks founder @julianassange on #Trump #Putin #CambridgeAnalytica last Friday: he wan\xe2\x80\xa6'
"b'If we\xe2\x80\x99ve learnt anything from the revelations about #Facebook\xe2\x80\x99s sharing of #data with #Cambridge #Analytica, it mig\xe2\x80\xa6 https://t.co/OjSO90AcN5'"
b'RT @VetMe2020: @SLSmith000 @4evrstardancer That would be great and all...\nKind of like asking kid with his hand in the cookie jar to give h\xe2\x80\xa6'
"b""@CNN count all micros macros look after #analytica's"""
b'@PaulPhaneuf  Thirty Daze Big Fish - Little fishies life - check privilidge #analytica hacked'
"b'Mood of #2019 election set as triggering &amp; expanding hatred for our Indian commonality from our divisive position,\xe2\x80\xa6 https://t.co/zNKlvOFm3V'"
"b""RT @PunkinSeeds: Dear Leader Watch: Cambridge #Analytica: #Nigeria, #Kenyan opposition to probe firm's alleged role in their elections. #CN\xe2\x80\xa6"""
b'Burning the efigy #Hindu boogie has become as an intense agenda as never before in electoral campaign for #2019; ma\xe2\x80\xa6 https://t.co/cpZoR1JCgA'
"b""Dear Leader Watch: Cambridge #Analytica: #Nigeria, #Kenyan opposition to probe firm's alleged role in their electio\xe2\x80\xa6 https://t.co/ePxiLum2KK"""
b'RT @VetMe2020: @SLSmith000 @4evrstardancer That would be great and all...\nKind of like asking kid with his hand in the cookie jar to give h\xe2\x80\xa6'
b'@SLSmith000 @4evrstardancer That would be great and all...\nKind of like asking kid with his hand in the cookie jar\xe2\x80\xa6 https://t.co/C1AGCROnAI'
b'More bad news for #Cambridge #Analytica\nhttps://t.co/1VLYtSiuUU'
"b'\xe2\x80\x9chttps://t.co/AnTf4gmPXJ, one of the two major #Brexit campaigns,... also took on board Cambridge #Analytica, a Was\xe2\x80\xa6 https://t.co/XeGxFn2Vok'"
b'RT @norwind: #Missouri Attorney General Is Investigating #Facebook Over #Cambridge #Analytica Scandal https://t.co/d3wzGTdbTz'
b'so much foreign funding had been going on for last many yeras? #NGO? any #social up liftment came? any study? or it\xe2\x80\xa6 https://t.co/J1FaXaRT27'
b'And we are stuck on Adhaar card being linked to the phone!!! \nOpposition has all our info already thanks to\xe2\x80\xa6 https://t.co/23tW6CHBPn'
"b'Do you want to look inside an #UHPLC system? In 3D? \nVisit us @analyticaFair  hall A2, booth 307 and experience aug\xe2\x80\xa6 https://t.co/0mbzMkXin3'"
"b""Cloak and #data: The real story behind Cambridge #Analytica's rise and fall https://t.co/MJ2hIikzSA via @MotherJones #cyberscam"""
b'Augmented reality at the KNAUER booth! Visit us in hall A2 at booth 307 \n#HPLC #biotech #pump #analytica https://t.co/PxfypDtZUJ'
b'#DataApex exhibits at #Analytica next week. Come to see #Clarity #Chromatography Software. We look forward meeting\xe2\x80\xa6 https://t.co/tJb5AKCRTz'
"b'Whether you participate the analytics 2018 in Munich (May 14th - 18th) as an exhibitor or as a visitor, you benefit\xe2\x80\xa6 https://t.co/LqM2ju5Cnm'"
b'#Missouri Attorney General Is Investigating #Facebook Over #Cambridge #Analytica Scandal https://t.co/d3wzGTdbTz'
b'How #GDPR Could Have Prevented the #Facebook #Cambridge #Analytica #Data #Breach https://t.co/ycDQb59908 https://t.co/Xx2xTSsloQ'
"b'Money looted from us, citizens of India, is given to #analytica to receive data driven engineering of violence by p\xe2\x80\xa6 https://t.co/jrAWwFRHnf'"
b'Cambridge Analytica Fallout Spreads to State Legislatures - Governing #analytica https://t.co/lgzJQGOyqN'
b'#analytics backed data driven engineering of nation wide violence is highly deplorable.Such a technology of\xe2\x80\xa6 https://t.co/FN9K1JRZPF'
b'RT @MRShredders: #Facebook users\xe2\x80\x99 #databreach #scandal: Cambridge #Analytica asks for more time on #Modi govt\xe2\x80\x99s notice https://t.co/ZdI4Fj7\xe2\x80\xa6'
"b'Unfortunately, politicians use #Analytica data for dividing people by emotive collectives. They pay analytics compa\xe2\x80\xa6 https://t.co/YWU87fvfGB'"
b'#Facebook users\xe2\x80\x99 #databreach #scandal: Cambridge #Analytica asks for more time on #Modi govt\xe2\x80\x99s notice\xe2\x80\xa6 https://t.co/7MtJ0g9YvQ'
b'#Cambridge #Analytica #Facebook scandal heightens concerns about #European elections\nhttps://t.co/K1geSsna5M\n#SocialMedia'
"b'#EU official calls for action against harvesting personal data, as Brussels prepares to move against those spreadin\xe2\x80\xa6 https://t.co/VYOPl3Twer'"
b'@AxlerodDavid Fake news. This is not @davidaxelrod account. #analytica at work work maybe! To confuse the truth'
b'RT @norwind: #KKKStory | Did #Cambridge #Analytica wage culture war?  https://t.co/Ln7PXopBwu'
b'#KKKStory | Did #Cambridge #Analytica wage culture war?  https://t.co/Ln7PXopBwu'
"b'BREAKING: #Tech and #humanrights #experts have unveiled the #SecurityPledge, a list of concrete steps that companie\xe2\x80\xa6 https://t.co/Mv534HpfD1'"
b'The HEDGE-&gt;accordingly rewind \xe2\x8f\xaa Cambridge #Analytica Played Roles in Multiple African Elections https://t.co/uXDSXLcGOf #africa'
b'#Cambridge #Analytica provided #Facebook air cover to consolidate power over the open web. Put another way:\xe2\x80\xa6 https://t.co/5fgGd5oarL'
b'RT @arthurgwagwa: #Kenya to use #Cambridge #Analytica in #ElectionsKE 2017 @privacyint explains #dataprivacy &amp; #elections #Profiling   http\xe2\x80\xa6'
b'@siddaramaiah is 100% perfectly adapted the #Dynasty methodology to be in power for what\xe2\x80\x99s so ever happens.\xe2\x80\xa6 https://t.co/juTR6khK8Z'
"b'Live Lab on Food Analysis with KNAUER expert Lilit @analyticaFair Hall A3 11h, 13h, 15h  https://t.co/XEmIrTieFu\xe2\x80\xa6 https://t.co/eTgozjuczG'"
"b""#Facebook CEO Mark #Zuckerberg fired back at Tim Cook, arguing the Apple CEO's recent #criticism about the social m\xe2\x80\xa6 https://t.co/jr1Ccvj12Z"""
"b'Detailed qualitative data gathering conducted by the British , Strategic Communication Laboratories (SCL) parent co\xe2\x80\xa6 https://t.co/g0ofvVPOgj'"
"b""@MrMalky @raiphsays I didn't even know there was hardcore porn on Twitter until the Cambridge Analytica thing. I st\xe2\x80\xa6 https://t.co/DWBr4jYBmt"""
b'@Channel4News The weather also cheated: there was far too much rain during #referendum. Rain is something snowflake\xe2\x80\xa6 https://t.co/2vUL0DAADs'
b'What does the #Cambridge #Analytica #scandal mean for #big #data? https://t.co/puFu6NL4iy by @InformationAge #TechNews'
b'Looks like my suspicions have been true all along. I think this lack of independence extends beyond pro-Trump tv. I\xe2\x80\xa6 https://t.co/fAyljsETWj'
"b'RT @cpimpuducherry: \xe2\xa4\xb5\xef\xb8\x8fData leaks : Cambridge #analytica\n\xe2\xa4\xb5\xef\xb8\x8fPaper leaks : #SSC, CBSE exam\n\xe2\xa4\xb5\xef\xb8\x8fMoney leaks : #Demonetisation\n\xe2\xa4\xb5\xef\xb8\x8fTax leaks : #GST\xe2\x80\xa6'"
b'Why the #Current #Cambridge #Analytica / #Facebook #Scandal #Requires us to #Rethink #SocialMedia https://t.co/VKye5Ly7Un @VanRijmenam'
b'#WORLD #NEWS #UPDATE :\n#CAMBRIDGE #ANALYTICA\n#DATA #MISUSE #MISSION :\n\nAMERICANS DO LESS\xe2\x80\xa6 https://t.co/XsmwoHBdDn'
"b'RT @cpimpuducherry: \xe2\xa4\xb5\xef\xb8\x8fData leaks : Cambridge #analytica\n\xe2\xa4\xb5\xef\xb8\x8fPaper leaks : #SSC, CBSE exam\n\xe2\xa4\xb5\xef\xb8\x8fMoney leaks : #Demonetisation\n\xe2\xa4\xb5\xef\xb8\x8fTax leaks : #GST\xe2\x80\xa6'"
"b""::: #Cambridge #Analytica and the world's privacy? A course to learn about:::"""
"b""facebook is phasing out the #advertising tool in an effort to protect users' #privacy, #amid #criticism over the\xe2\x80\xa6 https://t.co/P4WoFMR2wJ"""
"b""@facebook is phasing out the #advertising tool in an effort to protect users' #privacy, #amid #criticism over the\xe2\x80\xa6 https://t.co/LO0fF8FTIa"""
b'Portions of the Cambridge #Analytica data from #Facebook users is still circulating. #Anons #Occupy #ExpectUs\xe2\x80\xa6 https://t.co/J3Gq3br09G'
b'Facebook will crack down on unwanted ad targeting by email https://t.co/eUZiJ6oJaU #facebook #facebookads\xe2\x80\xa6 https://t.co/QPy3nYERnI'
b'RT @JontyMarin: @NomenChanX @BorisJohnson @realDonaldTrump @HouseofCommons @WhiteHouse That hairman the yank Hes fired half of #America Sha\xe2\x80\xa6'
b'RT @InsaneTechUK: #Facebook overhauls #privacy settings following #Cambridge #Analytica scandal (via @TechRadar)\n\nhttps://t.co/kQTF9e9qXY h\xe2\x80\xa6'
b'RT @InsaneTechUK: #Facebook overhauls #privacy settings following #Cambridge #Analytica scandal (via @TechRadar)\n\nhttps://t.co/kQTF9e9qXY h\xe2\x80\xa6'
b'The CEO of Cambridge Analytica was secretly filmed offering to entrap politicians with bribes and sex workers.  See\xe2\x80\xa6 https://t.co/5MznubAVac'
b'Who gains from Facebook\xe2\x80\x99s missteps? https://t.co/e4Tpw2QJ16 #facebook #facebookads #cambridge #analytica via @TechCrunch'
b'#Facebook overhauls #privacy settings following #Cambridge #Analytica scandal (via @TechRadar)\xe2\x80\xa6 https://t.co/kGYk6RJSeD'
b'RT @arthurgwagwa: #Kenya to use #Cambridge #Analytica in #ElectionsKE 2017 @privacyint explains #dataprivacy &amp; #elections #Profiling   http\xe2\x80\xa6'
"b'RT @cpimpuducherry: \xe2\xa4\xb5\xef\xb8\x8fData leaks : Cambridge #analytica\n\xe2\xa4\xb5\xef\xb8\x8fPaper leaks : #SSC, CBSE exam\n\xe2\xa4\xb5\xef\xb8\x8fMoney leaks : #Demonetisation\n\xe2\xa4\xb5\xef\xb8\x8fTax leaks : #GST\xe2\x80\xa6'"
b'RT @arthurgwagwa: #Kenya to use #Cambridge #Analytica in #ElectionsKE 2017 @privacyint explains #dataprivacy &amp; #elections #Profiling   http\xe2\x80\xa6'
b'RT @RoninRobotPress: Opinion | Cambridge #Analytica and the Secret Agenda of a Facebook Quiz https://t.co/gSQfnksWI8 (From November 2016 Wa\xe2\x80\xa6'
b'Are y\xe2\x80\x99all watching this #analytica situation plz look it up ?!?'
"b'RT @cpimpuducherry: \xe2\xa4\xb5\xef\xb8\x8fData leaks : Cambridge #analytica\n\xe2\xa4\xb5\xef\xb8\x8fPaper leaks : #SSC, CBSE exam\n\xe2\xa4\xb5\xef\xb8\x8fMoney leaks : #Demonetisation\n\xe2\xa4\xb5\xef\xb8\x8fTax leaks : #GST\xe2\x80\xa6'"
b'Opinion | Cambridge #Analytica and the Secret Agenda of a Facebook Quiz https://t.co/gSQfnksWI8 (From November 2016\xe2\x80\xa6 https://t.co/ZoGPfvHmD2'
"b'RT @cpimpuducherry: \xe2\xa4\xb5\xef\xb8\x8fData leaks : Cambridge #analytica\n\xe2\xa4\xb5\xef\xb8\x8fPaper leaks : #SSC, CBSE exam\n\xe2\xa4\xb5\xef\xb8\x8fMoney leaks : #Demonetisation\n\xe2\xa4\xb5\xef\xb8\x8fTax leaks : #GST\xe2\x80\xa6'"
"b'RT @cpimpuducherry: \xe2\xa4\xb5\xef\xb8\x8fData leaks : Cambridge #analytica\n\xe2\xa4\xb5\xef\xb8\x8fPaper leaks : #SSC, CBSE exam\n\xe2\xa4\xb5\xef\xb8\x8fMoney leaks : #Demonetisation\n\xe2\xa4\xb5\xef\xb8\x8fTax leaks : #GST\xe2\x80\xa6'"
"b'RT @cpimpuducherry: \xe2\xa4\xb5\xef\xb8\x8fData leaks : Cambridge #analytica\n\xe2\xa4\xb5\xef\xb8\x8fPaper leaks : #SSC, CBSE exam\n\xe2\xa4\xb5\xef\xb8\x8fMoney leaks : #Demonetisation\n\xe2\xa4\xb5\xef\xb8\x8fTax leaks : #GST\xe2\x80\xa6'"
"b'RT @cpimpuducherry: \xe2\xa4\xb5\xef\xb8\x8fData leaks : Cambridge #analytica\n\xe2\xa4\xb5\xef\xb8\x8fPaper leaks : #SSC, CBSE exam\n\xe2\xa4\xb5\xef\xb8\x8fMoney leaks : #Demonetisation\n\xe2\xa4\xb5\xef\xb8\x8fTax leaks : #GST\xe2\x80\xa6'"
"b'RT @cpimpuducherry: \xe2\xa4\xb5\xef\xb8\x8fData leaks : Cambridge #analytica\n\xe2\xa4\xb5\xef\xb8\x8fPaper leaks : #SSC, CBSE exam\n\xe2\xa4\xb5\xef\xb8\x8fMoney leaks : #Demonetisation\n\xe2\xa4\xb5\xef\xb8\x8fTax leaks : #GST\xe2\x80\xa6'"
"b'RT @cpimpuducherry: \xe2\xa4\xb5\xef\xb8\x8fData leaks : Cambridge #analytica\n\xe2\xa4\xb5\xef\xb8\x8fPaper leaks : #SSC, CBSE exam\n\xe2\xa4\xb5\xef\xb8\x8fMoney leaks : #Demonetisation\n\xe2\xa4\xb5\xef\xb8\x8fTax leaks : #GST\xe2\x80\xa6'"
"b'RT @cpimpuducherry: \xe2\xa4\xb5\xef\xb8\x8fData leaks : Cambridge #analytica\n\xe2\xa4\xb5\xef\xb8\x8fPaper leaks : #SSC, CBSE exam\n\xe2\xa4\xb5\xef\xb8\x8fMoney leaks : #Demonetisation\n\xe2\xa4\xb5\xef\xb8\x8fTax leaks : #GST\xe2\x80\xa6'"
"b'RT @cpimpuducherry: \xe2\xa4\xb5\xef\xb8\x8fData leaks : Cambridge #analytica\n\xe2\xa4\xb5\xef\xb8\x8fPaper leaks : #SSC, CBSE exam\n\xe2\xa4\xb5\xef\xb8\x8fMoney leaks : #Demonetisation\n\xe2\xa4\xb5\xef\xb8\x8fTax leaks : #GST\xe2\x80\xa6'"
"b'RT @cpimpuducherry: \xe2\xa4\xb5\xef\xb8\x8fData leaks : Cambridge #analytica\n\xe2\xa4\xb5\xef\xb8\x8fPaper leaks : #SSC, CBSE exam\n\xe2\xa4\xb5\xef\xb8\x8fMoney leaks : #Demonetisation\n\xe2\xa4\xb5\xef\xb8\x8fTax leaks : #GST\xe2\x80\xa6'"
"b'RT @cpimpuducherry: \xe2\xa4\xb5\xef\xb8\x8fData leaks : Cambridge #analytica\n\xe2\xa4\xb5\xef\xb8\x8fPaper leaks : #SSC, CBSE exam\n\xe2\xa4\xb5\xef\xb8\x8fMoney leaks : #Demonetisation\n\xe2\xa4\xb5\xef\xb8\x8fTax leaks : #GST\xe2\x80\xa6'"
"b'RT @cpimpuducherry: \xe2\xa4\xb5\xef\xb8\x8fData leaks : Cambridge #analytica\n\xe2\xa4\xb5\xef\xb8\x8fPaper leaks : #SSC, CBSE exam\n\xe2\xa4\xb5\xef\xb8\x8fMoney leaks : #Demonetisation\n\xe2\xa4\xb5\xef\xb8\x8fTax leaks : #GST\xe2\x80\xa6'"
"b'RT @cpimpuducherry: \xe2\xa4\xb5\xef\xb8\x8fData leaks : Cambridge #analytica\n\xe2\xa4\xb5\xef\xb8\x8fPaper leaks : #SSC, CBSE exam\n\xe2\xa4\xb5\xef\xb8\x8fMoney leaks : #Demonetisation\n\xe2\xa4\xb5\xef\xb8\x8fTax leaks : #GST\xe2\x80\xa6'"
"b'RT @cpimpuducherry: \xe2\xa4\xb5\xef\xb8\x8fData leaks : Cambridge #analytica\n\xe2\xa4\xb5\xef\xb8\x8fPaper leaks : #SSC, CBSE exam\n\xe2\xa4\xb5\xef\xb8\x8fMoney leaks : #Demonetisation\n\xe2\xa4\xb5\xef\xb8\x8fTax leaks : #GST\xe2\x80\xa6'"
"b'RT @cpimpuducherry: \xe2\xa4\xb5\xef\xb8\x8fData leaks : Cambridge #analytica\n\xe2\xa4\xb5\xef\xb8\x8fPaper leaks : #SSC, CBSE exam\n\xe2\xa4\xb5\xef\xb8\x8fMoney leaks : #Demonetisation\n\xe2\xa4\xb5\xef\xb8\x8fTax leaks : #GST\xe2\x80\xa6'"
"b'RT @cpimpuducherry: \xe2\xa4\xb5\xef\xb8\x8fData leaks : Cambridge #analytica\n\xe2\xa4\xb5\xef\xb8\x8fPaper leaks : #SSC, CBSE exam\n\xe2\xa4\xb5\xef\xb8\x8fMoney leaks : #Demonetisation\n\xe2\xa4\xb5\xef\xb8\x8fTax leaks : #GST\xe2\x80\xa6'"
"b'RT @cpimpuducherry: \xe2\xa4\xb5\xef\xb8\x8fData leaks : Cambridge #analytica\n\xe2\xa4\xb5\xef\xb8\x8fPaper leaks : #SSC, CBSE exam\n\xe2\xa4\xb5\xef\xb8\x8fMoney leaks : #Demonetisation\n\xe2\xa4\xb5\xef\xb8\x8fTax leaks : #GST\xe2\x80\xa6'"
b'#Cambridge #Analytica\xe2\x80\x99s election work in the #Caribbean shows how shady it could be https://t.co/P9YL2OCQmW'
b'RT @norwind: #Cambridge #Analytica | stole 50M personal intellectual property records | but #Assange is the bad guy https://t.co/q7EgcYv9HC'
b'#Facebook Scandal: The #Cambridge #Analytica #Data #Privacy #Breach https://t.co/M4YQna1MNf'
b'Leaked Documents Claim Cambridge #Analytica Affiliate Gave #Facebook Data to John Bolton \xf0\x9f\x91\x89\xf0\x9f\x8f\xbb\xc2\xa0https://t.co/Tubmc3Uh9T https://t.co/pRNvtOzdl0'
"b""RT @CineversityTV: #Facebook #Cambridge #Analytica's #Fossil Fuel Connections Deep State aka the #greed oligarchy #foodforthought | @scoopi\xe2\x80\xa6"""
"b""#Facebook #Cambridge #Analytica's #Fossil Fuel Connections Deep State aka the #greed oligarchy #foodforthought |\xe2\x80\xa6 https://t.co/QvxZWU89So"""
"b'RT @cpimpuducherry: \xe2\xa4\xb5\xef\xb8\x8fData leaks : Cambridge #analytica\n\xe2\xa4\xb5\xef\xb8\x8fPaper leaks : #SSC, CBSE exam\n\xe2\xa4\xb5\xef\xb8\x8fMoney leaks : #Demonetisation\n\xe2\xa4\xb5\xef\xb8\x8fTax leaks : #GST\xe2\x80\xa6'"
b'#Cambridge #Analytica raided by #UK data #watchdog https://t.co/lD1nPEvcc8 https://t.co/o3QcTf7eq3'
b'How firms like #Cambridge #Analytica influence #elections\n\nhttps://t.co/aRsazjFobO\n\n#cybersecurity #cyberattack #escan #escanantivirus #PBAE'
b'Why #Cambridge #analytica #facebook scandal is not that simple\n&amp; why #psychologists should be more aware of what is\xe2\x80\xa6 https://t.co/vuQ926AHiL'
b'This is how #Cambridge #Analytica\xe2\x80\x99s #Facebook targeting model really worked \xe2\x80\x94 according to the person who built it\xe2\x80\xa6 https://t.co/Mf2dCdIKEC'
"b""Retweeted Text100 Paris (@text100fr):\n\n#Facebook's #Cambridge #Analytica Scandal Tops Last Week's Internet News Rou\xe2\x80\xa6 https://t.co/lqD5F8ESyn"""
"b""RT @text100fr: #Facebook's #Cambridge #Analytica Scandal Tops Last Week's Internet News Roundup https://t.co/Q3LpZsIoHV https://t.co/DBbYcK\xe2\x80\xa6"""
"b'RT @cpimpuducherry: \xe2\xa4\xb5\xef\xb8\x8fData leaks : Cambridge #analytica\n\xe2\xa4\xb5\xef\xb8\x8fPaper leaks : #SSC, CBSE exam\n\xe2\xa4\xb5\xef\xb8\x8fMoney leaks : #Demonetisation\n\xe2\xa4\xb5\xef\xb8\x8fTax leaks : #GST\xe2\x80\xa6'"
b'RT @norwind: Satanic #fakeCongress will ignore #Cambridge #Analytica &amp; continue the fake #Russia scandal https://t.co/6RcxLlkmDe'
b'Satanic #fakeCongress will ignore #Cambridge #Analytica &amp; continue the fake #Russia scandal https://t.co/6RcxLlkmDe'
"b'RT @cpimpuducherry: \xe2\xa4\xb5\xef\xb8\x8fData leaks : Cambridge #analytica\n\xe2\xa4\xb5\xef\xb8\x8fPaper leaks : #SSC, CBSE exam\n\xe2\xa4\xb5\xef\xb8\x8fMoney leaks : #Demonetisation\n\xe2\xa4\xb5\xef\xb8\x8fTax leaks : #GST\xe2\x80\xa6'"
"b""RT @OpenMarketingTV: #Facebook Is #Investing $1 Billion in Small-Business Initiatives This Year. Why the 'Likes' Aren't Pouring in #Cambrid\xe2\x80\xa6"""
"b""#Facebook Is #Investing $1 Billion in Small-Business Initiatives This Year. Why the 'Likes' Aren't Pouring in\xe2\x80\xa6 https://t.co/kjyAbPMVVX"""
"b""#Facebook Is #Investing $1 Billion in Small-Business Initiatives This Year. Why the 'Likes' Aren't Pouring in\xe2\x80\xa6 https://t.co/2w0fotfJyD"""
"b'RT @cpimpuducherry: \xe2\xa4\xb5\xef\xb8\x8fData leaks : Cambridge #analytica\n\xe2\xa4\xb5\xef\xb8\x8fPaper leaks : #SSC, CBSE exam\n\xe2\xa4\xb5\xef\xb8\x8fMoney leaks : #Demonetisation\n\xe2\xa4\xb5\xef\xb8\x8fTax leaks : #GST\xe2\x80\xa6'"
"b'\xe2\xa4\xb5\xef\xb8\x8fData leaks : Cambridge #analytica\n\xe2\xa4\xb5\xef\xb8\x8fPaper leaks : #SSC, CBSE exam\n\xe2\xa4\xb5\xef\xb8\x8fMoney leaks : #Demonetisation\n\xe2\xa4\xb5\xef\xb8\x8fTax leaks :\xe2\x80\xa6 https://t.co/aibfQVjvvv'"
b'#TUJU: #Jubilee #Never #Hired #Cambridge #Analytica For Uhuru\xe2\x80\x99s Re-Election - https://t.co/w17MwgkOlX - #Reelection\xe2\x80\xa6 https://t.co/9My8yAVBPh'
"b""This week's headlines from #Mexico detail the official start of the #presidential #campaigns and the alleged role o\xe2\x80\xa6 https://t.co/O2oLoG7E9R"""
"b""RT @mosabbir: #BrittanyKaiser, former #Cambridge #Analytica #director: 'I voted for #Bernie' - video #Brexit https://t.co/SlefFML3Ys"""
b'RT @SMaurizi: We had an exclusive interview with @wikileaks founder @julianassange on #Trump #Putin #CambridgeAnalytica last Friday: he wan\xe2\x80\xa6'
"b'Simple \'likes\' were used to predict party affiliations: ""How #Cambridge #Analytica\xe2\x80\x99s #Facebook targeting model real\xe2\x80\xa6 https://t.co/r7JEW7gnY2'"
b'@madhukishwar this is propaganda to shadow down #Analytica issue. All the pidis have ganged up. As if this first leakage of Q paper.'
b'From The Economist Espresso: Indian breaches? #Cambridge #Analytica (&amp; #Data #Mining #Industry #IA) https://t.co/cLoYyyjlL0'
"b'This From March 22, 2018@11:39am \n\n\xe2\x9e\xa1  Cambridge #Analytica Played Roles in Multiple African Elections \xe2\x95\x91\xe2\x80\xa6 https://t.co/uqHm1eZWUV'"
"b'RT @double_density: #Facebook is literally the worst. With the #Cambridge #Analytica business out in the light, what to do about our #digit\xe2\x80\xa6'"
b'RT @SMaurizi: We had an exclusive interview with @wikileaks founder @julianassange on #Trump #Putin #CambridgeAnalytica last Friday: he wan\xe2\x80\xa6'
b'#republic #world App - https://t.co/1lm2OHitro could the  #cambridge  #analytica scandal save  #britain from itself https://t.co/okhwFmeAfc'
b'How does #bbcNews app select #topstories? \nNo mention of #Skripal #poisoning?\nNo mention of #Cambridge #Analytica?\xe2\x80\xa6 https://t.co/l1HRbfzhOY'
"b""RT @Gittyss: #Cambridge #Analytica Still Hasn't Deleted #Facebook #Data: Report https://t.co/TDnwYRy3ym"""
"b""#Cambridge #Analytica Still Hasn't Deleted #Facebook #Data: Report https://t.co/TDnwYRy3ym"""
"b'In two weeks, from #April 10-13 we will be in #Munich, #Germany for the #Analytica 2018 trade show! @analyticaFair\xe2\x80\xa6 https://t.co/RQ8tduzl0H'"
b'#Cambridge #Analytica files spell out #election tactics https://t.co/F7B3ppc2sm'
b'How To Delete Your #Facebook after Cambridge #Analytica data misuse row https://t.co/0WbqR2na2L via @TollyTeaser'
b'RT @RT_com: Cambridge #Analytica formally accused of violating US election laws https://t.co/NBVwvJniiS'
b'Audit Ordered in #Trinidad and #Tobago As Country Named in Global #DataMining Scandal https://t.co/POaw75nivA via\xe2\x80\xa6 https://t.co/J7Zt8oDMiZ'
b'Cambridge Analytica offers new defense of 2016 practices - KITV Honolulu #analytica https://t.co/A8eCW51rbl'
b'RT @RT_com: Cambridge #Analytica formally accused of violating US election laws https://t.co/NBVwvJniiS'
b'#Facebook #Cambridge #Analytica Controversy..\nhttps://t.co/W9XmqbWJ6T'
b'RT @SMaurizi: We had an exclusive interview with @wikileaks founder @julianassange on #Trump #Putin #CambridgeAnalytica last Friday: he wan\xe2\x80\xa6'
b'RT @SMaurizi: We had an exclusive interview with @wikileaks founder @julianassange on #Trump #Putin #CambridgeAnalytica last Friday: he wan\xe2\x80\xa6'
"b'RT @double_density: #Facebook is literally the worst. With the #Cambridge #Analytica business out in the light, what to do about our #digit\xe2\x80\xa6'"
"b'#Facebook is literally the worst. With the #Cambridge #Analytica business out in the light, what to do about our\xe2\x80\xa6 https://t.co/CMkzy5SRLh'"
b'@davidakin @FairQuestions https://t.co/qgCqIyY9Vf hmmm and NONE of Them are Customers of #Analytica\n#corruption #IllegitiamateGoverments'
b'RT @SMaurizi: We had an exclusive interview with @wikileaks founder @julianassange on #Trump #Putin #CambridgeAnalytica last Friday: he wan\xe2\x80\xa6'
b'#shadowbanned AGAIN. #Analytica #Censorship #DataManipulation https://t.co/fKV4NqzLKm'
b'RT @KDRayfield: John #Bolton-founded political group was one of #Cambridge #Analytica\xe2\x80\x99s first customers https://t.co/UKZrvP61ZR'
b'John #Bolton-founded political group was one of #Cambridge #Analytica\xe2\x80\x99s first customers https://t.co/UKZrvP61ZR'
b'@BBCPolitics Apparently the #BREXITCAST was manipulated by #Aggregate #IQ and/or #Cambridge #Analytica. What action\xe2\x80\xa6 https://t.co/HqhXTMhdip'
b'RT @JontyMarin: @NomenChanX @BorisJohnson @realDonaldTrump @HouseofCommons @WhiteHouse That hairman the yank Hes fired half of #America Sha\xe2\x80\xa6'
b'RT @SMaurizi: We had an exclusive interview with @wikileaks founder @julianassange on #Trump #Putin #CambridgeAnalytica last Friday: he wan\xe2\x80\xa6'
b'RT @SMaurizi: We had an exclusive interview with @wikileaks founder @julianassange on #Trump #Putin #CambridgeAnalytica last Friday: he wan\xe2\x80\xa6'
b'#tech #summary:  #tim  #cook cracks down on  #facebook post- #cambridge  #analytica https://t.co/PmfzYfQoYm'
b'#tim  #cook cracks down on  #facebook post- #cambridge  #analytica https://t.co/Y6oEOoKeID'
b'RT @SMaurizi: We had an exclusive interview with @wikileaks founder @julianassange on #Trump #Putin #CambridgeAnalytica last Friday: he wan\xe2\x80\xa6'
"b'This From March 22, 2018@11:39am \n\n\xe2\x9e\xa1  Cambridge #Analytica Played Roles in Multiple African Elections \xe2\x95\x91\xe2\x80\xa6 https://t.co/TScc0fbzEj'"
b'[BREACH] #Canadian #Firm Linked to #Cambridge #Analytica #Exposed #Source #code.\nTo read more visit:\xe2\x80\xa6 https://t.co/gW9MtC3sIV'
b'Peter Thiel Employee Helped #Cambridge #Analytica Before It Harvested Datan https://t.co/6PPBsJAKCF #infosec\xe2\x80\xa6 https://t.co/qLEvAVauwN'
b'RT @JontyMarin: @NomenChanX @BorisJohnson @realDonaldTrump @HouseofCommons @WhiteHouse That hairman the yank Hes fired half of #America Sha\xe2\x80\xa6'
"b'RT @VitlProducts: With exhibitions such as #analytica &amp; #CMEF just around the corner, make sure you keep up to date with our latest news &amp;\xe2\x80\xa6'"
"b'RT @VitlProducts: Here\xe2\x80\x99s a #sneakpeak of the brand new Lu-mini in action. Visit us in Hall 3, Stand 115 at #analytica to see it for yoursel\xe2\x80\xa6'"
b'RT @SMaurizi: We had an exclusive interview with @wikileaks founder @julianassange on #Trump #Putin #CambridgeAnalytica last Friday: he wan\xe2\x80\xa6'
b'RT @SMaurizi: We had an exclusive interview with @wikileaks founder @julianassange on #Trump #Putin #CambridgeAnalytica last Friday: he wan\xe2\x80\xa6'
b'RT @SMaurizi: We had an exclusive interview with @wikileaks founder @julianassange on #Trump #Putin #CambridgeAnalytica last Friday: he wan\xe2\x80\xa6'
b'#DataChorDossier\nMeanwhile #cowdung #analytica hung #BJP group photo on their wall.\n#photoshopGovt'
"b'UK parties poised to gain #data #powers to work out how people are likely to #vote, despite the #Cambridge\xe2\x80\xa6 https://t.co/f8NLCB3iiW'"
"b""Join us in Munich for this year's special #Analytica.  You will find us at Stand 534-8 in Hall B1\xe2\x80\xa6 https://t.co/mkbwNAHBuk"""
b'How #computer #science\xe2\x80\x99s view of the #brain as just another #machine gave rise to #Cambridge #Analytica https://t.co/nrLHoW0ub0 via @slate'
"b'RT @VitlProducts: Here\xe2\x80\x99s a #sneakpeak of the brand new Lu-mini in action. Visit us in Hall 3, Stand 115 at #analytica to see it for yoursel\xe2\x80\xa6'"
"b'Here\xe2\x80\x99s a #sneakpeak of the brand new Lu-mini in action. Visit us in Hall 3, Stand 115 at #analytica to see it for y\xe2\x80\xa6 https://t.co/rJ1K8xy2Xr'"
"b'#SCL, #Cambridge #Analytica\xe2\x80\x99s predecessor, had access to secret #UK information and was singled out for praise by t\xe2\x80\xa6 https://t.co/qm5j2iauRC'"
b'used campaign MONEY &amp; #Cambridge #Analytica to micro-target US voters with carefully tailored messages (lies) about\xe2\x80\xa6 https://t.co/eJth29WjAl'
"b""RT @norwind: #Blockchainrevolution | Leaked: #Cambridge #Analytica's blueprint for the election of #satanic #fakePresident  https://t.co/8w\xe2\x80\xa6"""
"b""RT @norwind: #Blockchainrevolution | Leaked: #Cambridge #Analytica's blueprint for the election of #satanic #fakePresident  https://t.co/8w\xe2\x80\xa6"""
b'A former employee of Cambridge Analytica has claimed that the controversial data firm undertook work for the Congre\xe2\x80\xa6 https://t.co/xfWqDqjVU6'
"b""#Blockchainrevolution | Leaked: #Cambridge #Analytica's blueprint for the election of #satanic #fakePresident  https://t.co/8wW4GD6kL5"""
b'The psychology behind Cambridge Analytica is massively overhyped #Cambridge #analytica #Dietram #Scheufele https://t.co/ujymhDxzsd'
b'RT @SMaurizi: We had an exclusive interview with @wikileaks founder @julianassange on #Trump #Putin #CambridgeAnalytica last Friday: he wan\xe2\x80\xa6'
b'RT @SMaurizi: We had an exclusive interview with @wikileaks founder @julianassange on #Trump #Putin #CambridgeAnalytica last Friday: he wan\xe2\x80\xa6'
b'The Cambridge Analytica scandal is wildly confusing. This timeline will help #AggregateIQ #Brexit #Cambridge\xe2\x80\xa6 https://t.co/eRC74ppm2H'
b'RT @SMaurizi: We had an exclusive interview with @wikileaks founder @julianassange on #Trump #Putin #CambridgeAnalytica last Friday: he wan\xe2\x80\xa6'
b'RT @SMaurizi: We had an exclusive interview with @wikileaks founder @julianassange on #Trump #Putin #CambridgeAnalytica last Friday: he wan\xe2\x80\xa6'
b'RT @laurapcd1: The latest The wikileaks Daily! https://t.co/LeGpLGvjF2 Thanks to @Obksure77 @Stop_UTK_Now @whowhatwhy #assange #analytica'
b'RT @laurapcd1: The latest The wikileaks Daily! https://t.co/LeGpLGvjF2 Thanks to @Obksure77 @Stop_UTK_Now @whowhatwhy #assange #analytica'
b'RT @SMaurizi: We had an exclusive interview with @wikileaks founder @julianassange on #Trump #Putin #CambridgeAnalytica last Friday: he wan\xe2\x80\xa6'
b'RT @SMaurizi: We had an exclusive interview with @wikileaks founder @julianassange on #Trump #Putin #CambridgeAnalytica last Friday: he wan\xe2\x80\xa6'
"b""@lottyburns Definitely something going on, I've seen posts from ppl I haven't seen in mths and likes and comments o\xe2\x80\xa6 https://t.co/aVERCrNxzH"""
b'RT @SMaurizi: We had an exclusive interview with @wikileaks founder @julianassange on #Trump #Putin #CambridgeAnalytica last Friday: he wan\xe2\x80\xa6'
b'RT @SMaurizi: We had an exclusive interview with @wikileaks founder @julianassange on #Trump #Putin #CambridgeAnalytica last Friday: he wan\xe2\x80\xa6'
"b""It's seems to be the question on everyones mind this week: Is this the end for Facebook?\n\nOur Managing Director,\xc2\xa0\xe2\x80\xa6 https://t.co/aa3cpdSzmo"""
b'#Facebook #Updates #Privacy #Controls in the Wake of the #Cambridge #Analytica #Scandal \nhttps://t.co/D6GsQWl5di https://t.co/NB7TI318nS'
b'Dan Sabbagh of @guardian explores the rise of #digital #politics and why #UK political parties are spending enormou\xe2\x80\xa6 https://t.co/8VyhLaHmvm'
b'RT @SMaurizi: We had an exclusive interview with @wikileaks founder @julianassange on #Trump #Putin #CambridgeAnalytica last Friday: he wan\xe2\x80\xa6'
b'RT @SMaurizi: We had an exclusive interview with @wikileaks founder @julianassange on #Trump #Putin #CambridgeAnalytica last Friday: he wan\xe2\x80\xa6'
b'The Facebook-Cambridge Analytica scandal explained\n https://t.co/EJV8RWh8uH\n #Facebook #Cambridge #Analytica #data #security'
b'RT @SMaurizi: We had an exclusive interview with @wikileaks founder @julianassange on #Trump #Putin #CambridgeAnalytica last Friday: he wan\xe2\x80\xa6'
b'RT @SMaurizi: We had an exclusive interview with @wikileaks founder @julianassange on #Trump #Putin #CambridgeAnalytica last Friday: he wan\xe2\x80\xa6'
b'RT @SMaurizi: We had an exclusive interview with @wikileaks founder @julianassange on #Trump #Putin #CambridgeAnalytica last Friday: he wan\xe2\x80\xa6'
b'RT @SMaurizi: We had an exclusive interview with @wikileaks founder @julianassange on #Trump #Putin #CambridgeAnalytica last Friday: he wan\xe2\x80\xa6'
b'RT @SMaurizi: We had an exclusive interview with @wikileaks founder @julianassange on #Trump #Putin #CambridgeAnalytica last Friday: he wan\xe2\x80\xa6'
b'RT @SMaurizi: We had an exclusive interview with @wikileaks founder @julianassange on #Trump #Putin #CambridgeAnalytica last Friday: he wan\xe2\x80\xa6'
b'RT @SMaurizi: We had an exclusive interview with @wikileaks founder @julianassange on #Trump #Putin #CambridgeAnalytica last Friday: he wan\xe2\x80\xa6'
b'RT @SMaurizi: We had an exclusive interview with @wikileaks founder @julianassange on #Trump #Putin #CambridgeAnalytica last Friday: he wan\xe2\x80\xa6'
b'RT @SMaurizi: We had an exclusive interview with @wikileaks founder @julianassange on #Trump #Putin #CambridgeAnalytica last Friday: he wan\xe2\x80\xa6'
b'RT @SMaurizi: We had an exclusive interview with @wikileaks founder @julianassange on #Trump #Putin #CambridgeAnalytica last Friday: he wan\xe2\x80\xa6'
b'RT @SMaurizi: We had an exclusive interview with @wikileaks founder @julianassange on #Trump #Putin #CambridgeAnalytica last Friday: he wan\xe2\x80\xa6'
b'RT @SMaurizi: We had an exclusive interview with @wikileaks founder @julianassange on #Trump #Putin #CambridgeAnalytica last Friday: he wan\xe2\x80\xa6'
b'RT @SMaurizi: We had an exclusive interview with @wikileaks founder @julianassange on #Trump #Putin #CambridgeAnalytica last Friday: he wan\xe2\x80\xa6'
b'RT @SMaurizi: We had an exclusive interview with @wikileaks founder @julianassange on #Trump #Putin #CambridgeAnalytica last Friday: he wan\xe2\x80\xa6'
b'RT @norwind: #Cambridge #Analytica | stole 50M personal intellectual property records | but #Assange is the bad guy https://t.co/q7EgcYv9HC'
b'RT @SMaurizi: We had an exclusive interview with @wikileaks founder @julianassange on #Trump #Putin #CambridgeAnalytica last Friday: he wan\xe2\x80\xa6'
b'RT @SMaurizi: We had an exclusive interview with @wikileaks founder @julianassange on #Trump #Putin #CambridgeAnalytica last Friday: he wan\xe2\x80\xa6'
b'RT @SMaurizi: We had an exclusive interview with @wikileaks founder @julianassange on #Trump #Putin #CambridgeAnalytica last Friday: he wan\xe2\x80\xa6'
b'RT @SMaurizi: We had an exclusive interview with @wikileaks founder @julianassange on #Trump #Putin #CambridgeAnalytica last Friday: he wan\xe2\x80\xa6'
b'@Indiansontop @frustrated222 @RahulGandhi @narendramodi @AmitShah @mssirsa @myogiadityanath @chandanmainas\xe2\x80\xa6 https://t.co/fwYtJinNaA'
b'RT @SMaurizi: We had an exclusive interview with @wikileaks founder @julianassange on #Trump #Putin #CambridgeAnalytica last Friday: he wan\xe2\x80\xa6'
"b""RT @GM_MTDC: Whistleblower spills t beans on #CambridgeAnalytics #Analytica's role in Indian elections; says JD(U) client\nAmit shah archite\xe2\x80\xa6"""
b'RT @SMaurizi: We had an exclusive interview with @wikileaks founder @julianassange on #Trump #Putin #CambridgeAnalytica last Friday: he wan\xe2\x80\xa6'
b'RT @SMaurizi: We had an exclusive interview with @wikileaks founder @julianassange on #Trump #Putin #CambridgeAnalytica last Friday: he wan\xe2\x80\xa6'
b'RT @SMaurizi: We had an exclusive interview with @wikileaks founder @julianassange on #Trump #Putin #CambridgeAnalytica last Friday: he wan\xe2\x80\xa6'
b'A new hub for South Africa\xe2\x80\x99s laboratory industry https://t.co/ugE9HbLKD1 #analytica #Lab #Africa @analyticaFair'
b'RT @SMaurizi: We had an exclusive interview with @wikileaks founder @julianassange on #Trump #Putin #CambridgeAnalytica last Friday: he wan\xe2\x80\xa6'
b'RT @SMaurizi: We had an exclusive interview with @wikileaks founder @julianassange on #Trump #Putin #CambridgeAnalytica last Friday: he wan\xe2\x80\xa6'
b'RT @SMaurizi: We had an exclusive interview with @wikileaks founder @julianassange on #Trump #Putin #CambridgeAnalytica last Friday: he wan\xe2\x80\xa6'
b'So, the issue really is not #Cambridge #Analytica, it is the fact that we are not conscious of where our #digital\xc2\xa0t\xe2\x80\xa6 https://t.co/dnN2N14L8X'"
"b""RT @Expedeon1: Don't forget we'll be in Munich attending #Analytica this April. If you want to set up a meeting with us, please just commen\xe2\x80\xa6"""
b'Vilber is pleased to be part of #Analytica 2018 next month in Munich! \nDon\xe2\x80\x99t miss out the chance to see our best in\xe2\x80\xa6 https://t.co/IEWDOzVzTy'
b'Will Facebook destroy itself? #donaldtrump #data #cambridge #analytica https://t.co/DsnoRMCoOE https://t.co/fB31ipAO0J'
b'Why the #Cambridge #Analytica #Scandal Is a Watershed Moment for #Social Media https://t.co/7bat8piGTo'
b'For the record the name #Cambridge #Analytica has nothing to do with Cambridge University. It was cherry picked to\xe2\x80\xa6 https://t.co/FH5pZ6rvc5'
"b'@adarshjalan1980 @TimesNow ...what does it take to DENY??..  fine, go ahead, Deny... but why make counter-attack on\xe2\x80\xa6 https://t.co/g3oYsGygqF'"
b'#India #Politics #Cambridge #Analytica worked in India https://t.co/PaJPDwn1XJ https://t.co/PaJPDwn1XJ'
b'#India #Politics #Cambridge #Analytica worked in India https://t.co/PaJPDwn1XJ'
b'#Cambridge #Analytica scandal: How #India can save democracy from #Facebook --- Hegemonic incumbents like #Google a\xe2\x80\xa6 https://t.co/IfsjGXB2Om'
b'RT @PolicyHERO: #Zuckerberg likely to testify to Congress over #Cambridge #Analytica\nhttps://t.co/lLrKbW7g6b'
"b""also a good(-ish) reason to post that dumb ass gif. can't say i feel sorry for the suckers that got played by faceb\xe2\x80\xa6 https://t.co/9WsAb5MkoY"""
b'Palantir confirms a staff link with #Cambridge #Analytica https://t.co/CuFHO3C532'
b'Peter Thiel Employee Helped #Cambridge #Analytica Before It #Harvested Data https://t.co/ruK4zhNYYH https://t.co/b76ENxYD7X'
"b""Don't forget we'll be in Munich attending #Analytica this April. If you want to set up a meeting with us, please ju\xe2\x80\xa6 https://t.co/QLgCLSleh7"""
"b""Emails link Peter #Thiel's Palantir and Eric #Schmidt's daughter to Facebook's #Cambridge #Analytica fiasco https://t.co/tyJbKgo3ax"""
b'Cambridge Analytica didn&amp;#039;t abuse the happiness industry ? it was ... - The Independent #analytica https://t.co/s94FBKsDZa'
b'Cambridge Analytica didn&amp;#039;t abuse the happiness industry ? it was ... - The Independent #analytica https://t.co/cbY3snUFnW'
"b'With exhibitions such as #analytica &amp; #CMEF just around the corner, make sure you keep up to date with our latest n\xe2\x80\xa6 https://t.co/5ZNIDNsiUP'"
"b""#Facebook's #Cambridge #Analytica Scandal Tops Last Week's Internet News Roundup https://t.co/Q3LpZsIoHV https://t.co/DBbYcK2LnC"""
"b""#Indian #Businessman Paid #Money To Defeat #Congress In 2014 Elections; #Congress Was #Cambridge #Analytica's Clien\xe2\x80\xa6 https://t.co/yqDzfzvC7o"""
b'#Facebook doesn\xe2\x80\x99t want you to worry about Cambridge #Analytica - CARTOON https://t.co/1mSaQZhaom'
b'#Zuckerberg likely to testify to Congress over #Cambridge #Analytica\nhttps://t.co/lLrKbW7g6b'
b'We all know about the recent #facebook #scandal; #Cambridge #Analytica. But do you know that FB is having a bigger\xe2\x80\xa6 https://t.co/Hnfm3OasZh'
b'RT @RT_com: Cambridge #Analytica formally accused of violating US election laws https://t.co/NBVwvJniiS'
b'RT @RT_com: Cambridge #Analytica formally accused of violating US election laws https://t.co/NBVwvJniiS'
b'RT @RT_com: Cambridge #Analytica formally accused of violating US election laws https://t.co/NBVwvJniiS'
"b""In sensational revelation in #databreach case, #Cambridge #Analytica whistle-blower named Congress as 'client in In\xe2\x80\xa6 https://t.co/xLY6Tt58Zh"""
"b'#Zuckerberg #refuses to #appear before #UK inquiry over #Cambridge #Analytica, slammed online \xe2\x80\x94 RT UK News https://t.co/J7v0wLEGjo'"
"b'#Facebook, #Cambridge #Analytica #sued in #USA by users over #data #harvesting &amp; selling without permission. https://t.co/vVY1FEidSJ'"
b'Cambridge Analytica is being accused of violating US election laws - https://t.co/IUegWltWwB #Cambridge #Analytica\xe2\x80\xa6 https://t.co/f21rBlqRZn'
"b""#BrittanyKaiser, former #Cambridge #Analytica #director: 'I voted for #Bernie' - video #Brexit https://t.co/SlefFML3Ys"""
b'Computer science faces an ethics crisis. #analytica - The Boston Globe https://t.co/P4zm9o0Yx5'
"b'This From March 22, 2018@11:39am \n\n\xe2\x9e\xa1  Cambridge #Analytica Played Roles in Multiple African Elections \xe2\x95\x91\xe2\x80\xa6 https://t.co/MZHDTY5USs'"
"b'#Brief #News #Report #explaining #how to #minimize #damage due to the #FacebookDataBreach where #users #privacy, in\xe2\x80\xa6 https://t.co/VpiMXXZc9i'"
b'RT @SmashTheKernel: The Endorser an OSINT tool that allows you to draw out relationships between people on LinkedIn via endorsements/skills\xe2\x80\xa6'
b'Online Homeland security: #Cambridge #Analytica: Only the Tip of the Iceberg https://t.co/2IVgY5hEc8'
"b'RT @zKhamashuridze: #Cambridge #Analytica helped \xe2\x80\x98cheat\xe2\x80\x99 #Brexit vote and #US election, claims #whistleblower \xe2\x80\xa2 #NSNF https://t.co/QWMHjEeZ\xe2\x80\xa6'"
b'HEDGE rewind \xe2\x8f\xaa Cambridge #Analytica Played Roles in Multiple African Elections https://t.co/uXDSXLcGOf #africa'
b'RT @drudgeheadlines: #ANALYTICA #WHISTLEBLOWER #SHOCK CLAIM: PREDECESSOR POISONED! https://t.co/fxSlTIp0X7'
"b'Cook County sues #Facebook, #Cambridge #Analytica after alleged misuse of millions of Illinoisans\xe2\x80\x99 data - Chicago T\xe2\x80\xa6 https://t.co/9L4X7LeEf6'"
"b'#Cambridge #Analytica helped \xe2\x80\x98cheat\xe2\x80\x99 #Brexit vote and #US election, claims #whistleblower \xe2\x80\xa2 #NSNF https://t.co/QWMHjEeZ2v'"
"b'#Cambridge #Analytica helped \xe2\x80\x98cheat\xe2\x80\x99 #Brexit vote and #US election, claims #whistleblower \xe2\x80\xa2 #NSNF https://t.co/4AmPHgSAfr'"
b'Mark Zuckerberg will appear before Congress to address Cambridge Analytica scandal (via @verge):\xe2\x80\xa6 https://t.co/YStTxz5XeX'
